Learn and Understand AngularJS,hoc-va-tim-hieu-ve-angularjs,,Học và tìm hiểu về AngularJS
"Mobile App Design from Scratch: Design Principles, and UX",thiet-ke-ung-dung-di-dong-tu-con-so-0-nguyen-tac-thiet-ke-va-trai-nghiem-nguoi-dung-ux,,Thiết kế ứng dụng di động từ con số 0: Nguyên tắc thiết kế và trải nghiệm người dùng (UX)
Beginners Ruby Programming Training - No Experience Required,khoa-dao-tao-ngon-ngu-lap-trinh-ruby-cho-nguoi-moi-bat-dau,,Khóa đào tạo ngôn ngữ lập trình Ruby cho người mới bắt đầu
Learn To Code by Making Games - Complete Unity 5 Developer,hoc-lap-trinh-game-phat-trien-game-bang-unity-5,,Học lập trình game - Phát triển game bằng Unity 5
Become a Certified Hadoop Developer Training Tutorial,chuong-chi-hadoop-developer-cho-nguoi-moi-bat-dau,,Chứng chỉ Hadoop Developer cho người mới bắt đầu
The Best Software Testing Training You Will Ever Get,khoa-hoc-kiem-thu-phan-mem-tot-nhat-danh-cho-ban,,Khóa học kiểm thử phần mềm tốt nhất dành cho bạn!
Agile Scrum Training+Scrum Certification Prep. Training,dao-tao-quy-trinh-agile-scrum-va-chung-chi-scrum,,Đào tạo quy trình Agile Scrum và chứng chỉ Scrum
Git Going Fast: One Hour Git Crash Course,khoa-hoc-git-cap-toc-trong-1-gio,,Khóa học Git cấp tốc trong 1 giờ
Build An eCommerce Website With WordPress,xay-dung-trang-web-thuong-mai-dien-tu-voi-wordpress,,Xây dựng trang web thương mại điện tử với Wordpress
The COMPLETE Crowdfunding Launch Formula For $100k Campaigns,goi-von-cong-dong-thanh-cong-cho-cac-chien-dich-tri-gia-100000-usd,,Gọi vốn cộng đồng thành công cho các chiến dịch trị giá 100.000 USD
Seth Godin's Freelancer Course,khoa-hoc-freelancer,,Khóa học Freelancer
Writing With Flair: How To Become An Exceptional Writer,bi-quyet-de-tro-thanh-mot-nha-van,,Bí quyết để trở thành một nhà văn
Designing Gamification Level 1 (Basic) + Certification,thiet-ke-gamification-level-1-co-ban-chung-nhan,,Thiết kế Gamification Level 1 (cơ bản) + Chứng nhận
Business Development For Startups and Tech Companies,phat-trien-kinh-doanh-danh-cho-cac-cong-ty-khoi-nghiep-va-cong-ty-cong-nghe-cao,,Phát triển kinh doanh dành cho các công ty khởi nghiệp và công ty công nghệ cao
How to DRAFT a Business Plan ,lam-the-nao-de-phac-thao-mot-ke-hoach-kinh-doanh,,Làm thế nào để phác thảo một kế hoạch kinh doanh?
Quality Management Systems: Management and Control of Quality,he-thong-quan-ly-chat-luong-quan-ly-va-kiem-soat-chat-luong,,Hệ thống quản lý chất lượng: Quản lý và kiểm soát chất lượng
PMP® EXAM COMPLETE Training-35 Hours ULTIMATE PMP® Course,khoa-hoc-ve-quan-ly-du-an-chuyen-nghiep-pmp,,Khóa học về quản lý dự án chuyên nghiệp (PMP)
Copyright Basics: How to Protect Your Work from Piracy,nhung-dieu-co-ban-ve-quyen-tac-gia-bao-ve-cac-tac-pham-khoi-vi-pham-ban-quyen,,Những điều cơ bản về quyền tác giả: Bảo vệ các tác phẩm khỏi vi phạm bản quyền
SQL for Newbs Beginner Data Analysis,sql-cho-nguoi-moi-nhap-mon-phan-tich-du-lieu,,SQL (Structured Query Language - Ngôn ngữ truy vấn có cấu trúc) cho người mới: Nhập môn Phân tích dữ liệu
YOUTUBE: How I Make $2000 A Month on YouTube With No Filming,lam-the-nao-de-kiem-tien-tren-youtube-ma-khong-can-quay-clip,,Làm thế nào để kiếm tiền trên youtube mà không cần quay clip
How to Deliver Criticism in the Workplace,cach-dua-ra-loi-phe-binh-chon-cong-so,,Cách đưa ra lời phê bình chốn công sở
Understanding ISO/DIS 9001: 2015,tieu-chuan-quoc-te-isodis-90012015,,Tiêu chuẩn quốc tế (Draft international stardard)  - ISO/DIS 9001:2015
How I Make $1000 A Day From Udemy Courses - No Advertising,cach-toi-kiem-tien-moi-ngay-tu-cac-khóa-hoc-của-tudemy,,Cách tôi kiếm tiền mỗi ngày từ các khoá học của Tudemy 
Creative Real Estate Investing & Flipping Houses,dau-tu-bat-dong-san-mot-cach-sang-tao,,Đầu tư bất động sản một cách sáng tạo
Grant Writing: Keys to a Successful Proposal ,viet-thu-xin-tai-tro-chia-khoa-cho-mot-loi-de-nghi-thanh-cong,,Viết thư xin tài trợ: Chìa khóa cho một lời đề nghị thành công
AWS Certified Solutions Architect - Associate 2015,chung-chi-amazon-web-services,,Chứng chỉ Amazon Web Services (AWS)
The Complete Hacking Course: Go from Beginner to Advanced!,khoa-hoc-toan-dien-ve-hacking-tu-co-ban-den-nang-cao,,Khóa học toàn diện về Hacking từ cơ bản đến nâng cao!
Arduino Electronic Design: Beginner Steps for Making Devices,huong-dan-toan-tap-ve-arduino,,Hướng dẫn toàn tập về Arduino
Learn Linux in 5 Days and Level Up Your Career,thanh-thao-linux-chi-trong-5-ngay-nang-su-nghiep-cua-ban-len-tam-cao-moi,,Thành thạo Linux chỉ trong 5 ngày - Nâng sự nghiệp của bạn lên tầm cao mới
Oracle SQL - Step by Step SQL,oracle-sql,,Oracle SQL (Ngôn ngữ truy vấn có cấu trúc - Structured Query Language)
Microsoft Excel 2010 Course Beginners/ Intermediate Training,microsoft-excel-2010-khoa-dao-tao-cho-trinh-do-so-cap-va-trung-cap,,Microsoft Excel 2010: Khóa đào tạo cho trình độ sơ cấp và trung cấp
Productivity for Mac Users: 10x Your Productivity,tang-nang-suat-lam-viec-cho-nguoi-dung-may-mac-len-10-lan,,Tăng năng suất làm việc cho người dùng máy Mac lên 10 lần
The Ultimate Gmail Productivity System For Business,toan-tap-ve-he-thong-tien-ich-gmail-giup-tang-nang-suat-lam-viec-cho-doanh-nghiep,,Toàn tập về hệ thống tiện ích Gmail giúp tăng năng suất làm việc cho doanh nghiệp
SAP ABAP Programming For Beginners - 2014 - Online Training,lap-trinh-sap-abap-cho-nguoi-moi-bat-dau-2014-dao-tao-truc-tuyen,,Lập trình SAP ABAP cho người mới bắt đầu - 2014 - Đào tạo trực tuyến
Learn QuickBooks Pro 2014 the Easy Way,hoc-quickbooks-pro-2014-mot-cach-don-gian,,Học QuickBooks Pro 2014 một cách đơn giản
Learn Salesforce Step by Step from Scratch,salesforce-dao-tao-co-ban-cho-quan-ly-va-cac-nha-phat-trien,,Salesforce: Đào tạo cơ bản cho quản lý và các nhà phát triển
Introduction to Oracle SQL,gioi-thieu-ve-oracle-sql,,Giới thiệu về Oracle SQL
Scrivener Simplified: How To Create Your eBook In 60 Minutes,scrivener-simplified-lam-the-nao-de-tao-ra-ebook-cua-rieng-ban-chi-trong-60-phut,,Scrivener Simplified: làm thế nào để tạo ra ebook của riêng bạn chỉ trong 60 phút
Powerful Goal Setting - Step by Step Blueprint,bi-quyet-tung-buoc-thiet-lap-muc-tieu,,Bí quyết từng bước thiết lập mục tiêu
Double Your Productivity and Get Important Things Done,nang-cao-nang-suat-lam-viec-cua-ban-va-hoan-thanh-nhung-cong-viec-quan-trong,,Nâng cao năng suất làm việc của bạn và hoàn thành những công việc quan trọng
Radiate Confidence: How to Create a 1000 Watt Presence ,toat-ra-su-tu-tin-cach-de-toa-sang,,Toát ra sự tự tin: Cách để tỏa sáng
Value Investing Bootcamp - Learn to Invest Your Money Wisely,gia-tri-cua-dau-tu-bootcamp-tim-hieu-de-dau-tu-tien-cua-ban-mot-cach-khon-ngoan,,Giá trị của đầu tư Bootcamp - Tìm hiểu để đầu tư tiền của bạn một cách khôn ngoan
Triple Your Job Interviews - My Huge Job Interview Secret,bi-quyet-de-tang-so-luong-cac-cuoc-phong-van-xin-viec-cua-ban,,Bí quyết để tăng số lượng các cuộc phỏng vấn xin việc của bạn
Body Language of Love and Dating,ngon-ngu-co-the-cua-tinh-yeu-va-ho-hen,,Ngôn ngữ cơ thể của tình yêu và hò hẹn
Uncovering Happiness Symposium with Elisha Goldstein,kham-pha-hanh-phuc-cung-tien-si-elisha-goldstein,,Khám phá hạnh phúc cùng tiến sĩ Elisha Goldstein
Connecting with your Spirit Guides,ket-noi-voi-huong-dao-sinh-cua-ban,,Kết nối với hướng đạo sinh của bạn
Brand New You: A Personal Branding Masterclass ,khoa-hoc-day-tao-thuong-hieu-cho-ban-than,,Khóa học dạy tạo thương hiệu cho bản thân
THE MILLION DOLLAR SCREENPLAY! Write your movie today,kich-ban-phim-tri-gia-hang-trieu-do-hay-viet-len-bo-phim-cua-chinh-ban-ngay-hom-nay,,Kịch bản phim trị giá hàng triệu đô! Hãy viết lên bộ phim của chính bạn ngay hôm nay!
The Power of Vulnerability by Brené Brown,suc-manh-cua-su-ton-thuong,,Sức mạnh của sự tổn thương
Double Your Confidence & Self Esteem - Complete Blueprint,tung-buoc-thuc-day-su-tu-tin-va-long-tu-trong-trong-con-nguoi-ban,,Từng bước thúc đẩy sự tự tin và lòng tự trọng trong con người bạn
Body and Mind are One by Thích Nhất Hạnh,tam-the-dong-nhat-thich-nhat-hanh,,Tâm thể đồng nhất - Thích Nhất Hạnh
Become a SuperLearner: Learn Speed Reading & Advanced Memory,tro-thanh-mot-cao-thu-doc-nhanh-va-ghi-nho-tot,,Trở thành một cao thủ đọc nhanh và ghi nhớ tốt
How to Find Motivation to Achieve All Your Goals in 20 min,chi-20-phut-de-tim-ra-dong-luc-cho-muc-tieu-cua-ban,,Chỉ 20 phút để tìm ra động lực cho mục tiêu của bạn
Face Reading,xem-tuong,,Xem tướng
Master Web Design in Photoshop,nam-vung-ve-thiet-ke-web-trong-photoshop,,Nắm vững về thiết kế Web trong Photoshop
How to Design a Logo - a Beginners Course,lam-the-nao-de-thiet-ke-logo-khoa-hoc-cho-nguoi-moi-bat-dau,,Làm thế nào để thiết kế Logo - khóa học cho người mới bắt đầu?
Mobile App Design In Sketch 3: UX and UI Design From Scratch,thiet-ke-ung-dung-dien-thoai-trong-sketch-3-thiet-ke-ux-va-ui-tu-buoc-dau-tien,,Thiết kế ứng dụng điện thoại trong Sketch 3: thiết kế UX và UI từ bước đầu tiên
UX Design Fundamentals: Tactics to Create Websites that Work,nguyen-tac-co-ban-ve-thiet-ke-ux,,Nguyên tắc cơ bản về thiết kế UX
Pixel art for Video games,pixel-art-danh-cho-tro-choi-dien-tu,,Pixel Art dành cho trò chơi điện tử
Design for Engagement - How to Design So People Take Action,hoc-cach-thiet-ke-san-pham-de-thu-hut-nguoi-dung,,Học cách thiết kế sản phẩm để thu hút người dùng
Dive into After Effects: Flat Animation Buildup,chuyen-sau-ve-after-effect-xay-dung-hoat-canh-phang,,Chuyên sâu về After Effect: Xây dựng hoạt cảnh phẳng
Men's Fashion Style System,phong-cach-thoi-trang-cho-nam-gioi,,Phong cách thời trang cho nam giới
Reinforced & Prestressed Concrete for Construction Managers,kien-thuc-ve-be-tong-cot-thep-du-ung-luc-cho-cac-nha-quan-ly-xay-dung,,Kiến thức về bê tông cốt thép dự ứng lực cho các nhà quản lý xây dựng
"images = Dir[""db/seeding_data/version1.0.2/mapping_image_course/images_detail/*""]",moi-lien-he-mat-thiet-giua-tinh-yeutinh-duc-va-phong-thuy,,"Mối liên hệ mật thiết giữa tình yêu,tình dục và phong thủy"
The Ultimate Guide on How to Become a Designer,tron-bo-cac-huong-dan-cuc-ki-huu-ich-de-tro-thanh-mot-nha-thiet-ke,,Trọn bộ các hướng dẫn cực kì hữu ích để trở thành một nhà thiết kế!
"CPA Secrets: How I Make $6,000+ A Month - Very Effective",nhung-bi-mat-ve-cpa-dinh-gia-quang-cao-dua-tren-hanh-dong-lam-the-nao-de-kiem-duoc-6000-usd-thang,,Những bí mật về CPA (định giá quảng cáo dựa trên hành động): Làm thế nào để kiếm được 6000 USD/tháng?
(NEW) How I Hit #1 on Google: The 2015 Complete SEO Course,toan-tap-ve-chien-luoc-dao-tao-seo,,Toàn tập về chiến lược đào tạo SEO
YOUTUBE How To Successfully Promote Your Business On YouTube,kinh-doanh-tren-youtube-con-duong-nao-dan-den-thanh-cong,,Kinh doanh trên Youtube - con đường nào dẫn đến thành công?
65 Actionable Branding Strategies That Will 3X Your Profit,65-chien-luoc-thuong-hieu-kha-thi-giup-loi-nhuan-tang-gap-3-lan,,65 chiến lược thương hiệu khả thi giúp lợi nhuận tăng gấp 3 lần
Marketing: How to Market Yourself as a Coach or Consultant,marketing-lam-the-nao-de-tiep-thi-ban-than-nhu-mot-chuyen-gia,,Marketing: Làm thế nào để tiếp thị bản thân như một chuyên gia?
Google Analytics for Beginners,google-analytics-cho-nguoi-moi-su-dung,,Google Analytics cho người mới sử dụng
Press Releases That Never Fail,thong-cao-bao-chi-khong-bao-gio-that-bai,,Thông cáo báo chí không bao giờ thất bại
PPC with Google AdWords + Facebook Advertising + YouTube Ads,ppc-pay-per-click-voi-google-adwords-quang-cao-facebook-quang-cao-youtube,,PPC (Pay-Per-Click) với Google Adwords + Quảng cáo Facebook + Quảng cáo YouTube
Use YouTube to Rank #1 Google Overnite: YouTube for Business,su-dung-youtube-de-xep-hang-1-tren-google-chi-trong-choc-lat-youtube-cho-doanh-nghiep,,Sử dụng Youtube để Xếp hạng 1 trên Google chỉ trong chốc lát: Youtube cho Doanh nghiệp
Copywriting secrets - How to write copy that sells,bi-mat-ve-copywriting,,Bí mật về Copywriting
How to Deliver an Elevator Pitch,cach-dua-ra-thong-diep-hieu-qua-nhat-de-gioi-thieu-y-tuong-doanh-nghiep-cua-ban-elevator-pitch,,Cách đưa ra thông điệp hiệu quả nhất để giới thiệu ý tưởng/doanh nghiệp của bạn! (Elevator Pitch)
Growth Hacking Masterclass: Become a Digital Marketing Ninja,chuyen-gia-phat-trien-marketing-tro-thanh-cao-thu-marketing-ky-thuat-so,,Chuyên gia phát triển Marketing: Trở thành cao thủ marketing kỹ thuật số
Make Your First Real Dollar In ClickBank With No Website,kiem-tien-voi-clickbank-khong-can-trang-web,,Kiếm tiền với Clickbank - Không cần trang web
Kindle Launch Plan: $1400 in 30 Days & an Amazon Bestseller,ke-hoach-ra-mat-kindle-1400-trong-30-ngay-va-amazon-bestseller,,Kế hoạch ra mắt Kindle: $1400 trong 30 ngày và Amazon Bestseller
Solo Ads Manager - Earn Money With No Investments Solo Ads,quan-ly-solo-ads-kiem-tien-voi-solo-ads-khong-can-von-dau-tu,,Quản lý Solo Ads - Kiếm tiền với Solo Ads không cần vốn đầu tư
Lose Weight: Lose 40-100+ lbs of fat. Lose Weight For Good,giam-can-de-song-khoe,,Giảm cân để sống khỏe
"Learn Optimal Sleep to Improve Your Health, Energy, and Mind",cac-phuong-phap-toi-uu-giac-ngu-de-co-mot-cuoc-song-khoe-manh,,Các phương pháp tối ưu giấc ngủ để có một cuộc sống khỏe mạnh
"Learn ""Dirty"" Boxing For Street Self Defense",hoc-cac-thu-thuat-boxing-de-co-the-tu-phong-ve-tren-pho,,Học các thủ thuật boxing để có thể tự phòng vệ trên đường phố
Eating For Energy,an-uong-the-nao-de-co-du-nang-luong-cho-co-the,,Ăn uống thế nào để có đủ năng lượng cho cơ thể?
Master Your ADHD Brain,kiem-soat-chung-tang-dong-giam-chu-y-tren-nao-bo,,Kiểm soát chứng tăng động giảm chú ý (ADHD) trên não bộ
Lose Weight Without Exercise: No Sweat to Lose Weight,giam-can-khong-can-do-mo-hoi,,Giảm cân không cần đổ mồ hôi
Learn Close Combat Training: Military Hand-To-Hand Combat,ky-thuat-can-chien-doi-khang-kieu-quan-doi,,Kỹ thuật cận chiến: Đối kháng kiểu quân đội
Acupressure For Emergency: Pressure Points 4 Fast Self-Help,cap-cuu-bang-bam-huyet-tu-chua-nhanh-trong-cac-truong-hop-khan-cap,,Cấp cứu bằng bấm huyệt: Tự chữa nhanh trong các trường hợp khẩn cẩp
Hip Hop Dance For Beginners,day-nhay-hip-hop-cho-nguoi-moi-hoc,,Dạy nhảy Hip Hop cho người mới học
Breathing Meditation Exercises For Healing,cac-bai-tap-thien-de-chua-benh,,Các bài tập thiền để chữa bệnh
Targeted Facial Massage (Point facial massage),mat-xa-mat,,Mát xa mặt
English punctuation made easy,tieng-anh-hoc-dau-cau-chang-kho-chut-nao,,Tiếng Anh: Học dấu câu chẳng khó chút nào!
Conversational Spanish Made Easy,tieng-tay-ban-nha-dam-thoai-trinh-do-so-cap,,Tiếng Tây Ban Nha đàm thoại: Trình độ sơ cấp
German Made Simple: A Complete Course for Serious Learners,tieng-duc-so-cap-tat-ca-nhung-gi-ban-muon-biet-ve-tieng-duc,,Tiếng Đức sơ cấp: Tất cả những gì bạn muốn biết về tiếng Đức
Learn to Speak: Conversational French - Full Course,hoc-noi-tieng-phap,,Học nói tiếng Pháp
Japanese In Context - Elementary Japanese Course,tieng-nhat-theo-ngu-canh-khoa-hoc-tieng-nhat-co-ban,,Tiếng Nhật theo ngữ cảnh: Khóa học tiếng Nhật cơ bản
Fun With Brazilian Portuguese,nhung-dieu-thu-vi-ve-tieng-bo-dao-nha-cua-nguoi-brazil,,Những điều thú vị về tiếng Bồ Đào Nha của người Brazil
Chinese Made Easy: Understand 65% of Chinese in 10 hours,tieng-trung-so-cap-hieu-65%-tieng-trung-trong-10-gio,,Tiếng Trung sơ cấp: Hiểu 65% tiếng Trung trong 10 giờ
Russian Language and Literature,ngon-ngu-va-van-hoc-nga,,Ngôn ngữ và văn học Nga
Lectures to Accompany Wheelock's Latin Chapters 1-15,cac-bai-giang-trong-sach-day-tieng-latin-cua-truong-wheelock-chuong-1-15,,Các bài giảng trong sách dạy tiếng Latin của trường Wheelock: Chương 1-15
Learn Arabic: Beginner to Advanced: Read and Write,hoc-doc-viet-tieng-a-rap-tu-co-ban-den-nang-cao,,Học đọc viết tiếng Ả Rập: Từ cơ bản đến nâng cao
Survive Italy Without Being Fluent in Italian,song-sot-o-y-ma-khong-can-qua-gioi-tieng-y,,Sống sót ở Ý mà không cần quá giỏi tiếng Ý!
How to Learn and Memorize the Vocabulary of Any Language,cach-nhanh-nhat-de-hoc-va-nho-tu-vung-cua-mot-ngon-ngu-bat-ky,,Cách nhanh nhất để học và nhớ từ vựng của một ngôn ngữ bất kỳ