,,,,,,,,
Học về Linux trong 5 ngày và nâng sự nghiệp của bạn lên một cấp độ mới,Sử dụng các kỹ năng Linux được nhiều người yêu cầu bạn học trong khóa học này để được thăng tiến hoặc bắt đầu một nghề mới như là một nhà Linux chuyên nghiệp.,"9000 SINH VIÊN THÀNH ĐẠT THAM DỰ ĐÃ SẴN SÀNG THAM DỰ KHÓA HỌC NÀY
Nếu bạn muốn học cách sử dụng Linux và nâng sự nghiệp của bạn lên một cấp độ mới nhưng lại bị áp lực về  thời gian thì hãy đọc tiếp. Xin chào. Tên tôi là Jason Cannon và tôi là tác giả của Linux cho những người mới bắt đầu và tôi cũng là người sáng lập của Học viện Đào tạo Linux. Khi tôi hỏi mọi người cho tôi biết khó khăn lớn nhất của họ để học Linux là gì, tất cả đều trả lời giống nhau: Thời gian.
Đó là lý do tại sao tôi đã tạo ra khóa học này. Hãy cho tôi chỉ cần 45 phút mỗi ngày trong 5 ngày tới và tôi sẽ dạy cho bạn biết chính xác những gì bạn cần biết về hệ điều hành Linux. Bạn sẽ tìm hiểu các khái niệm và các lệnh quan trọng nhất, và tôi thậm chí sẽ hướng dẫn bạn từng bước thông qua một số ví dụ thực hành và thực tế.
Vì vậy, nếu bạn có thể dành một vài phút một ngày và muốn học chi tiết, tường tận về hệ điều hành Linux thì hãy tham gia cùng với tôi và các học viên khác trong khóa học này ngày hôm nay.
Phần thưởng miễn phí - Làm thế nào để cài đặt WordPress trên hệ thống Linux riêng của bạn
Như là phần thưởng được thêm vào việc ghi danh vào khóa học Học về Linux trong khóa đào tạo video 5 ngày, bạn sẽ nhận được một danh sách kiểm tra từng bước một và video mà dạy cho bạn làm thế nào để cài đặt WordPress trên hệ thống Ubuntu Linux. Đầu tiên, bạn sẽ được học phần mềm nào được yêu cầu cho WordPress để chạy trên một hệ thống Linux. Tiếp theo, bạn sẽ được cung cấp các lệnh chính xác để cài đặt tất cả các phần mềm và WordPreddcần thiết.
Bạn sẽ học cách cài đặt máy chủ của một trang web, cách làm thế nào để cài đặt một máy chủ cơ sở dữ liệu, làm thế nào để tạo ra người sử dụng cơ sở dữ liệu, và làm thế nào để cấu hình WordPress. Trước khi bạn biết điều đó, bạn sẽ có một blog đầy đủ chức năng. Đây là một cách tuyệt vời để đưa kỹ năng Linux mới tìm thấy của bạn để sử dụng tốt. Hoàn toàn ngẫu nhiên, nhưng rất thú vị: Nếu bạn muốn lưu trữ blog của bạn trên internet trên bộ cài đặt Linux của bạn rất riêng, tôi sẽ cho bạn thấy được bạn có thể có được kho lưu trữ chỉ với 5 đô một tháng.
____________________
Học về Linux chỉ trong 5 ngày không có bất kỳ giả định về nền sau hoặc kiến ​​thức về Linux. Bạn không cần kiến thức trước để tạo lợi thế trong khóa học này. Bạn sẽ được hướng dẫn từng bước bằng cách sử dụng một cách tiếp cận hợp lý và có hệ thống. Bởi vì các khái niệm, các lệnh, hoặc biệt ngữ mới mà bạn gặp phải, chúng được giải thích bằng ngôn ngữ đơn giản, làm cho bất cứ ai cũng có thể hiểu được một cách dễ dàng. Dưới đây là những gì bạn sẽ được học khi tham gia vào khóa học Học về Linux trong 5 ngày:
Làm thế nào để có được quyền truy cập vào một máy chủ Linux nếu bạn không được cho phép
Phân phối Linux là gì và cơ sở nào để chọn
Phần mềm nào là cần thiết để kết nối với Linux từ máy tính Mac và Windows.
SSH là gì và làm thế nào để sử dụng nó.
Thiết kế hệ thống tập tin của hệ thống Linux và vị trí để tìm các chương trình, cấu hình, và tài liệu.
Các lệnh Linux cơ bản mà bạn sẽ sử dụng thường xuyên nhất.
Tạo, đổi tên, di chuyển, và xóa các thư mục.
Bảng liệt kê, đọc, tạo, chỉnh sửa, sao chép, và xóa các tập tin.
Các lệnh cho phép làm việc chính xác như thế nào và cách để giải mã các quyền Linux khó hiểu nhất một cách dễ dàng.
Làm thế nào để sử dụng nano, vi và trình soạn thảo emacs.
Hai phương pháp để tìm kiếm các tập tin và thư mục.
Làm thế nào để so sánh nội dung của các tập tin.
Ống dẫn là gì, tại sao chúng hữu ích, và làm thế nào để sử dụng chúng.
Làm thế nào để nén các tập tin để tiết kiệm không gian và làm cho việc chuyển dữ liệu dễ dàng.
Làm thế nào và tại sao phải chuyển hướng đầu vào và đầu ra từ các ứng dụng.
Làm thế nào để tùy chỉnh dấu nhắc vỏ ngoài của bạn.
Làm thế nào để đạt hiệu quả tại các dòng lệnh bằng cách sử dụng bí danh, hoàn thành tab, và lịch sử vỏ ngoài của bạn.
Làm thế nào để sắp xếp và tự động hoá việc sử dụng cron.
Làm thế nào để chuyển đổi người sử dụng và chạy các quy trình như những người khác.
Làm thế nào để tìm và cài đặt phần mềm.
Udemy sẽ hoàn lại tiền trong 30 ngày vô điều kiện - đó là lời hứa cá nhân của về sự thành công của bạn!
Những gì bạn học trong khóa học Học về Linux trong 5 ngày áp dụng đối với bất kỳ môi trường Linux bao gồm Ubuntu, Debian, Linux Mint, RedHat, Fedora, OpenSUSE, Slackware, và nhiều hơn nữa.
Ghi danh ngay bây giờ và bắt đầu học các kỹ năng cần thiết để lên cấp sự nghiệp của bạn!",Mong muốn học hỏi.,"Hơn 40 bài giảng với nội dung kéo dài 4,5 giờ!
Đến cuối khóa học, bạn sẽ hiểu được những nguyên tắc cơ bản của hệ điều hành Linux và có khả năng áp dụng kiến ​​thức đó một cách thiết thực và hữu ích.","Những người có thời gian hạn chế.
Bất cứ ai có mong muốn học về Linux.
Những người có kinh nghiệm Linux, nhưng muốn học về các giao diện dòng lệnh Linux.
Người dùng đang sử dụng Linux muốn trở thành người sử dụng chuyên nghiệp.
Người cần kiến ​​thức về Linux cho một dự án cá nhân hoặc doanh nghiệp như việc lưu trữ trang web trên một máy chủ Linux.
Các chuyên gia cần phải học về Linux để trở nên hiệu quả hơn trong công việc. Nhân viên Helpdesk, kỹ sư hỗ trợ ứng dụng, và các nhà phát triển ứng dụng được yêu cầu để sử dụng các hệ điều hành Linux.
Người nghĩ về một công việc như là một quản trị viên hệ thống Linux hoặc kỹ sư, nhưng cần những kiến thức cơ bản đầu tiên.
Các nhà nghiên cứu, giáo sư đại học, và sinh viên đại học sẽ được sử dụng các máy chủ Linux để tiến hành nghiên cứu hoặc làm việc khóa học hoàn chỉnh.",Phần 1: Tổng quan,,
,,,,,,,Tổng quan khóa học,2:30
,,,,,,Phần 2: Ngày thứ nhất,,
,,,,,,,Bối cảnh và Giới thiệu,6:46
,,,,,,,Bắt truy cập vào một hệ thống Linux,7:41
,,,,,,,Cài đặt VirtualBox trên Windows,1:28
,,,,,,,Cài đặt VirtualBox trên Mac,1:11
,,,,,,,Cài đặt Linux bằng cách sử dụng một hình ảnh cho VirtualBox,4:50
,,,,,,,Cài đặt Ubuntu từ Scratch,10:24
,,,,,,,Được kết nối,11:27
,,,,,,,Ôn tập,0:27
,,,,,,Phần 3: Ngày thứ 2,,
,,,,,,,Cấu trúc thư mục Linux,10:02
,,,,,,,Vỏ ngoài,7:35
,,,,,,,Các lệnh Linux cơ bản,5:06
,,,,,,,Dạy Bản thân Tìm kiếm,5:56
,,,,,,,Làm việc với các Thư mục,8:57
,,,,,,,Bảng liệt kê các tập tin và hiểu về đầu ra của LS,11:45
,,,,,,Phần 4: Ngày thứ ba,,
,,,,,,,Sự cho phép thư mục và tập tin được được giải thích - Phần Một,11:14
,,,,,,,Sự cho phép thư mục và tập tin được được giải thích - Phần Hai,9:28
,,,,,,,Tìm kiếm tập tin và Thư mục,6:55
,,,,,,,Hiển thị tập tin và trình soạn thảo Nano,5:16
,,,,,,,Chỉnh sửa tập tin trong Vi,9:58
,,,,,,,Chỉnh sửa tập tin với Emacs,5:40
,,,,,,,Biên tập đồ họa,4:22
,,,,,,Phần 5: Ngày thứ tư,,
,,,,,,,"Xóa, sao chép, di chuyển, và đổi tên tập tin",11:08
,,,,,,,Các kí hiệu - Phần Một,5:12
,,,,,,,Các kí hiệu - Phần Hai,7:03
,,,,,,,"Đầu vào, đầu ra, và sự chuyển hướng",7:46
,,,,,,,So sánh các tập tin,4:13
,,,,,,,Tìm kiếm trong tập tin và sử dụng ống dẫn,9:41
,,,,,,,Truyền tải và sao chép các tập tin trên mạng,6:35
,,,,,,,Điều chỉnh Dấu nhắc Vỏ ngoài,5:08
,,,,,,,Các công cụ rút gọn lệnh shell,3:41
,,,,,,,Ôn tập,0:27
,,,,,,Phần 6: Ngày thứ năm,,
,,,,,,,Biến môi trường,2 trang
,,,,,,,Quy trình và kiểm soát công việc,11:53
,,,,,,,Lặp đi lặp lại lịch trình công việc với Cron,5:50
,,,,,,,Chuyển đổi người dùng và chạy các lệnh,8:10
,,,,,,,Lịch sử shell và Tab Hoàn Tab,13:11
,,,,,,,Cài đặt phần mềm,13:33
,,,,,,,Kết luận - Xin chúc mừng và cảm ơn!,1:04
,,,,,,Mục 7: Phần thêm ,,
,,,,,,,"Phần thêm - Cài đặt Apache, MySQL, PHP và Wordpress trên Ubuntu",9:26